build_id,status,duration_seconds,trigger_time,author
1,success,123,2025-01-01 02:00:00,alice
2,failed,115,2025-01-01 04:00:00,bob
3,failed,142,2025-01-01 06:00:00,bob
4,success,144,2025-01-01 08:00:00,charlie
5,success,234,2025-01-01 10:00:00,alice
6,failed,247,2025-01-01 12:00:00,bob
7,failed,116,2025-01-01 14:00:00,alice
8,success,201,2025-01-01 16:00:00,bob
9,success,185,2025-01-01 18:00:00,alice
10,success,263,2025-01-01 20:00:00,alice
11,failed,128,2025-01-01 22:00:00,charlie
12,success,194,2025-01-02 00:00:00,alice
13,failed,219,2025-01-02 02:00:00,alice
14,success,223,2025-01-02 04:00:00,charlie
15,success,126,2025-01-02 06:00:00,alice
16,success,266,2025-01-02 08:00:00,alice
17,success,211,2025-01-02 10:00:00,charlie
18,success,158,2025-01-02 12:00:00,bob
19,success,259,2025-01-02 14:00:00,alice
20,failed,282,2025-01-02 16:00:00,charlie
21,success,259,2025-01-02 18:00:00,bob
22,success,222,2025-01-02 20:00:00,alice
23,success,153,2025-01-02 22:00:00,bob
24,failed,168,2025-01-03 00:00:00,charlie
25,success,141,2025-01-03 02:00:00,charlie
26,success,155,2025-01-03 04:00:00,bob
27,success,133,2025-01-03 06:00:00,alice
28,success,280,2025-01-03 08:00:00,alice
29,success,166,2025-01-03 10:00:00,bob
30,success,250,2025-01-03 12:00:00,charlie
31,success,266,2025-01-03 14:00:00,alice
32,success,195,2025-01-03 16:00:00,alice
33,success,183,2025-01-03 18:00:00,charlie
34,success,294,2025-01-03 20:00:00,bob
35,failed,226,2025-01-03 22:00:00,bob
36,success,176,2025-01-04 00:00:00,alice
37,success,134,2025-01-04 02:00:00,charlie
38,success,296,2025-01-04 04:00:00,charlie
39,failed,203,2025-01-04 06:00:00,alice
40,success,100,2025-01-04 08:00:00,charlie
41,success,101,2025-01-04 10:00:00,bob
42,success,151,2025-01-04 12:00:00,bob
43,success,117,2025-01-04 14:00:00,alice
44,success,116,2025-01-04 16:00:00,bob
45,failed,240,2025-01-04 18:00:00,alice
46,failed,212,2025-01-04 20:00:00,alice
47,failed,172,2025-01-04 22:00:00,bob
48,success,107,2025-01-05 00:00:00,alice
49,success,146,2025-01-05 02:00:00,bob
50,success,120,2025-01-05 04:00:00,bob
51,success,243,2025-01-05 06:00:00,charlie
52,success,135,2025-01-05 08:00:00,bob
53,success,181,2025-01-05 10:00:00,alice
54,failed,109,2025-01-05 12:00:00,alice
55,failed,297,2025-01-05 14:00:00,alice
56,failed,258,2025-01-05 16:00:00,bob
57,success,143,2025-01-05 18:00:00,alice
58,failed,267,2025-01-05 20:00:00,charlie
59,failed,228,2025-01-05 22:00:00,charlie
60,success,244,2025-01-06 00:00:00,alice
61,success,276,2025-01-06 02:00:00,charlie
62,success,114,2025-01-06 04:00:00,alice
63,failed,146,2025-01-06 06:00:00,charlie
64,success,142,2025-01-06 08:00:00,charlie
65,success,144,2025-01-06 10:00:00,charlie
66,success,169,2025-01-06 12:00:00,charlie
67,failed,115,2025-01-06 14:00:00,charlie
68,success,147,2025-01-06 16:00:00,alice
69,success,272,2025-01-06 18:00:00,charlie
70,success,201,2025-01-06 20:00:00,charlie
71,success,110,2025-01-06 22:00:00,alice
72,success,245,2025-01-07 00:00:00,charlie
73,success,252,2025-01-07 02:00:00,alice
74,success,175,2025-01-07 04:00:00,charlie
75,success,179,2025-01-07 06:00:00,alice
76,success,215,2025-01-07 08:00:00,charlie
77,failed,206,2025-01-07 10:00:00,bob
78,success,149,2025-01-07 12:00:00,charlie
79,success,115,2025-01-07 14:00:00,charlie
80,failed,186,2025-01-07 16:00:00,bob
81,success,293,2025-01-07 18:00:00,charlie
82,success,209,2025-01-07 20:00:00,bob
83,success,144,2025-01-07 22:00:00,bob
84,success,297,2025-01-08 00:00:00,bob
85,success,298,2025-01-08 02:00:00,alice
86,success,172,2025-01-08 04:00:00,charlie
87,cancelled,165,2025-01-08 06:00:00,alice
88,failed,146,2025-01-08 08:00:00,bob
89,success,146,2025-01-08 10:00:00,alice
90,success,261,2025-01-08 12:00:00,alice
91,success,147,2025-01-08 14:00:00,alice
92,success,125,2025-01-08 16:00:00,alice
93,success,210,2025-01-08 18:00:00,charlie
94,success,132,2025-01-08 20:00:00,charlie
95,failed,295,2025-01-08 22:00:00,bob
96,success,279,2025-01-09 00:00:00,alice
97,success,202,2025-01-09 02:00:00,charlie
98,failed,134,2025-01-09 04:00:00,alice
99,success,255,2025-01-09 06:00:00,alice
100,success,276,2025-01-09 08:00:00,charlie
101,success,105,2025-01-09 10:00:00,charlie
102,failed,105,2025-01-09 12:00:00,charlie
103,success,215,2025-01-09 14:00:00,bob
104,success,139,2025-01-09 16:00:00,bob
105,success,113,2025-01-09 18:00:00,charlie
106,success,184,2025-01-09 20:00:00,bob
107,success,281,2025-01-09 22:00:00,bob
108,success,268,2025-01-10 00:00:00,bob
109,success,134,2025-01-10 02:00:00,bob
110,failed,276,2025-01-10 04:00:00,bob
111,cancelled,156,2025-01-10 06:00:00,bob
112,failed,158,2025-01-10 08:00:00,bob
113,failed,115,2025-01-10 10:00:00,charlie
114,success,155,2025-01-10 12:00:00,charlie
115,success,152,2025-01-10 14:00:00,bob
116,success,218,2025-01-10 16:00:00,alice
117,success,122,2025-01-10 18:00:00,charlie
118,success,147,2025-01-10 20:00:00,bob
119,failed,133,2025-01-10 22:00:00,bob
120,success,284,2025-01-11 00:00:00,bob
121,success,254,2025-01-11 02:00:00,alice
122,success,133,2025-01-11 04:00:00,alice
123,success,236,2025-01-11 06:00:00,bob
124,success,253,2025-01-11 08:00:00,bob
125,success,198,2025-01-11 10:00:00,bob
126,success,300,2025-01-11 12:00:00,bob
127,success,292,2025-01-11 14:00:00,alice
128,failed,286,2025-01-11 16:00:00,charlie
129,success,173,2025-01-11 18:00:00,bob
130,success,150,2025-01-11 20:00:00,alice
131,success,156,2025-01-11 22:00:00,bob
132,failed,235,2025-01-12 00:00:00,alice
133,failed,283,2025-01-12 02:00:00,bob
134,success,176,2025-01-12 04:00:00,alice
135,success,251,2025-01-12 06:00:00,charlie
136,success,233,2025-01-12 08:00:00,alice
137,success,197,2025-01-12 10:00:00,bob
138,failed,276,2025-01-12 12:00:00,charlie
139,failed,300,2025-01-12 14:00:00,bob
140,success,279,2025-01-12 16:00:00,charlie
141,failed,298,2025-01-12 18:00:00,alice
142,success,227,2025-01-12 20:00:00,alice
143,success,106,2025-01-12 22:00:00,charlie
144,success,132,2025-01-13 00:00:00,bob
145,failed,206,2025-01-13 02:00:00,bob
146,failed,133,2025-01-13 04:00:00,alice
147,success,243,2025-01-13 06:00:00,bob
148,success,178,2025-01-13 08:00:00,charlie
149,failed,170,2025-01-13 10:00:00,alice
150,success,186,2025-01-13 12:00:00,bob
151,failed,222,2025-01-13 14:00:00,charlie
152,success,288,2025-01-13 16:00:00,charlie
153,success,274,2025-01-13 18:00:00,charlie
154,cancelled,287,2025-01-13 20:00:00,charlie
155,success,271,2025-01-13 22:00:00,bob
156,success,236,2025-01-14 00:00:00,bob
157,success,283,2025-01-14 02:00:00,bob
158,success,106,2025-01-14 04:00:00,charlie
159,success,207,2025-01-14 06:00:00,alice
160,success,286,2025-01-14 08:00:00,charlie
161,failed,297,2025-01-14 10:00:00,alice
162,failed,141,2025-01-14 12:00:00,charlie
163,success,116,2025-01-14 14:00:00,charlie
164,success,152,2025-01-14 16:00:00,alice
165,success,170,2025-01-14 18:00:00,alice
166,success,100,2025-01-14 20:00:00,alice
167,success,223,2025-01-14 22:00:00,alice
168,success,132,2025-01-15 00:00:00,charlie
169,failed,106,2025-01-15 02:00:00,alice
170,success,279,2025-01-15 04:00:00,charlie
171,success,276,2025-01-15 06:00:00,alice
172,success,151,2025-01-15 08:00:00,charlie
173,success,172,2025-01-15 10:00:00,charlie
174,success,217,2025-01-15 12:00:00,alice
175,success,267,2025-01-15 14:00:00,alice
176,success,164,2025-01-15 16:00:00,charlie
177,success,114,2025-01-15 18:00:00,alice
178,success,131,2025-01-15 20:00:00,charlie
179,success,169,2025-01-15 22:00:00,alice
180,success,101,2025-01-16 00:00:00,charlie
181,success,222,2025-01-16 02:00:00,alice
182,success,280,2025-01-16 04:00:00,charlie
183,success,207,2025-01-16 06:00:00,bob
184,cancelled,279,2025-01-16 08:00:00,bob
185,success,134,2025-01-16 10:00:00,alice
186,success,208,2025-01-16 12:00:00,alice
187,failed,283,2025-01-16 14:00:00,charlie
188,success,199,2025-01-16 16:00:00,bob
189,success,128,2025-01-16 18:00:00,bob
190,success,235,2025-01-16 20:00:00,bob
191,success,150,2025-01-16 22:00:00,bob
192,success,145,2025-01-17 00:00:00,alice
193,failed,108,2025-01-17 02:00:00,alice
194,success,180,2025-01-17 04:00:00,alice
195,success,179,2025-01-17 06:00:00,bob
196,success,160,2025-01-17 08:00:00,bob
197,success,103,2025-01-17 10:00:00,bob
198,success,199,2025-01-17 12:00:00,alice
199,success,184,2025-01-17 14:00:00,alice
200,success,188,2025-01-17 16:00:00,alice
201,success,250,2025-01-17 18:00:00,bob
202,failed,124,2025-01-17 20:00:00,bob
203,success,139,2025-01-17 22:00:00,alice
204,success,271,2025-01-18 00:00:00,alice
205,failed,200,2025-01-18 02:00:00,charlie
206,success,164,2025-01-18 04:00:00,bob
207,success,161,2025-01-18 06:00:00,bob
208,failed,175,2025-01-18 08:00:00,charlie
209,success,113,2025-01-18 10:00:00,bob
210,cancelled,290,2025-01-18 12:00:00,charlie
211,success,135,2025-01-18 14:00:00,charlie
212,success,129,2025-01-18 16:00:00,charlie
213,success,101,2025-01-18 18:00:00,alice
214,success,282,2025-01-18 20:00:00,alice
215,cancelled,166,2025-01-18 22:00:00,alice
216,failed,123,2025-01-19 00:00:00,bob
217,failed,119,2025-01-19 02:00:00,alice
218,success,236,2025-01-19 04:00:00,alice
219,failed,161,2025-01-19 06:00:00,alice
220,success,294,2025-01-19 08:00:00,alice
221,failed,143,2025-01-19 10:00:00,bob
222,failed,242,2025-01-19 12:00:00,alice
223,success,125,2025-01-19 14:00:00,charlie
224,success,181,2025-01-19 16:00:00,bob
225,success,190,2025-01-19 18:00:00,bob
226,failed,178,2025-01-19 20:00:00,alice
227,success,181,2025-01-19 22:00:00,charlie
228,cancelled,257,2025-01-20 00:00:00,charlie
229,failed,138,2025-01-20 02:00:00,alice
230,success,112,2025-01-20 04:00:00,bob
231,success,121,2025-01-20 06:00:00,bob
232,success,207,2025-01-20 08:00:00,bob
233,failed,211,2025-01-20 10:00:00,alice
234,success,130,2025-01-20 12:00:00,alice
235,success,294,2025-01-20 14:00:00,bob
236,cancelled,181,2025-01-20 16:00:00,alice
237,success,279,2025-01-20 18:00:00,charlie
238,success,140,2025-01-20 20:00:00,bob
239,failed,268,2025-01-20 22:00:00,alice
240,success,293,2025-01-21 00:00:00,charlie
241,success,158,2025-01-21 02:00:00,charlie
242,cancelled,154,2025-01-21 04:00:00,bob
243,success,110,2025-01-21 06:00:00,bob
244,success,242,2025-01-21 08:00:00,charlie
245,failed,289,2025-01-21 10:00:00,alice
246,failed,269,2025-01-21 12:00:00,bob
247,success,148,2025-01-21 14:00:00,alice
248,success,175,2025-01-21 16:00:00,bob
249,success,111,2025-01-21 18:00:00,alice
250,success,259,2025-01-21 20:00:00,charlie
251,success,269,2025-01-21 22:00:00,bob
252,failed,289,2025-01-22 00:00:00,bob
253,failed,180,2025-01-22 02:00:00,charlie
254,success,206,2025-01-22 04:00:00,alice
255,success,295,2025-01-22 06:00:00,alice
256,success,148,2025-01-22 08:00:00,alice
257,success,194,2025-01-22 10:00:00,charlie
258,success,231,2025-01-22 12:00:00,alice
259,success,190,2025-01-22 14:00:00,bob
260,success,100,2025-01-22 16:00:00,bob
261,cancelled,191,2025-01-22 18:00:00,alice
262,success,222,2025-01-22 20:00:00,alice
263,failed,189,2025-01-22 22:00:00,bob
264,success,196,2025-01-23 00:00:00,alice
265,failed,228,2025-01-23 02:00:00,alice
266,cancelled,218,2025-01-23 04:00:00,bob
267,success,266,2025-01-23 06:00:00,charlie
268,success,165,2025-01-23 08:00:00,alice
269,failed,133,2025-01-23 10:00:00,charlie
270,cancelled,247,2025-01-23 12:00:00,charlie
271,failed,169,2025-01-23 14:00:00,alice
272,success,258,2025-01-23 16:00:00,charlie
273,success,207,2025-01-23 18:00:00,alice
274,success,106,2025-01-23 20:00:00,alice
275,success,212,2025-01-23 22:00:00,bob
276,success,271,2025-01-24 00:00:00,alice
277,success,171,2025-01-24 02:00:00,bob
278,success,215,2025-01-24 04:00:00,charlie
279,success,174,2025-01-24 06:00:00,bob
280,success,155,2025-01-24 08:00:00,bob
281,success,192,2025-01-24 10:00:00,charlie
282,success,216,2025-01-24 12:00:00,bob
283,success,239,2025-01-24 14:00:00,alice
284,cancelled,160,2025-01-24 16:00:00,alice
285,success,171,2025-01-24 18:00:00,charlie
286,success,136,2025-01-24 20:00:00,bob
287,success,124,2025-01-24 22:00:00,alice
288,success,104,2025-01-25 00:00:00,charlie
289,success,134,2025-01-25 02:00:00,charlie
290,failed,119,2025-01-25 04:00:00,charlie
291,success,278,2025-01-25 06:00:00,alice
292,success,166,2025-01-25 08:00:00,bob
293,success,211,2025-01-25 10:00:00,alice
294,success,235,2025-01-25 12:00:00,alice
295,failed,284,2025-01-25 14:00:00,charlie
296,failed,193,2025-01-25 16:00:00,alice
297,success,276,2025-01-25 18:00:00,charlie
298,failed,161,2025-01-25 20:00:00,bob
299,success,222,2025-01-25 22:00:00,charlie
300,success,157,2025-01-26 00:00:00,bob
301,failed,107,2025-01-26 02:00:00,bob
302,failed,288,2025-01-26 04:00:00,bob
303,success,199,2025-01-26 06:00:00,bob
304,success,175,2025-01-26 08:00:00,charlie
305,success,196,2025-01-26 10:00:00,alice
306,success,128,2025-01-26 12:00:00,bob
307,success,219,2025-01-26 14:00:00,alice
308,failed,126,2025-01-26 16:00:00,bob
309,success,210,2025-01-26 18:00:00,bob
310,failed,297,2025-01-26 20:00:00,charlie
311,success,241,2025-01-26 22:00:00,bob
312,success,297,2025-01-27 00:00:00,alice
313,failed,159,2025-01-27 02:00:00,alice
314,success,178,2025-01-27 04:00:00,alice
315,failed,153,2025-01-27 06:00:00,alice
316,failed,219,2025-01-27 08:00:00,charlie
317,failed,233,2025-01-27 10:00:00,charlie
318,success,280,2025-01-27 12:00:00,alice
319,failed,270,2025-01-27 14:00:00,charlie
320,success,123,2025-01-27 16:00:00,bob
321,success,166,2025-01-27 18:00:00,charlie
322,success,172,2025-01-27 20:00:00,alice
323,failed,282,2025-01-27 22:00:00,bob
324,success,202,2025-01-28 00:00:00,alice
325,success,162,2025-01-28 02:00:00,charlie
326,failed,130,2025-01-28 04:00:00,charlie
327,success,193,2025-01-28 06:00:00,charlie
328,failed,177,2025-01-28 08:00:00,bob
329,success,257,2025-01-28 10:00:00,charlie
330,success,193,2025-01-28 12:00:00,bob
331,success,293,2025-01-28 14:00:00,bob
332,failed,147,2025-01-28 16:00:00,alice
333,success,210,2025-01-28 18:00:00,bob
334,failed,109,2025-01-28 20:00:00,alice
335,success,255,2025-01-28 22:00:00,bob
336,success,163,2025-01-29 00:00:00,alice
337,success,100,2025-01-29 02:00:00,alice
338,success,111,2025-01-29 04:00:00,charlie
339,success,108,2025-01-29 06:00:00,charlie
340,success,298,2025-01-29 08:00:00,alice
341,success,261,2025-01-29 10:00:00,bob
342,success,284,2025-01-29 12:00:00,alice
343,failed,276,2025-01-29 14:00:00,bob
344,success,268,2025-01-29 16:00:00,charlie
345,success,101,2025-01-29 18:00:00,alice
346,success,142,2025-01-29 20:00:00,bob
347,failed,271,2025-01-29 22:00:00,charlie
348,failed,195,2025-01-30 00:00:00,charlie
349,success,100,2025-01-30 02:00:00,bob
350,success,106,2025-01-30 04:00:00,charlie
351,success,190,2025-01-30 06:00:00,alice
352,success,187,2025-01-30 08:00:00,bob
353,failed,283,2025-01-30 10:00:00,alice
354,success,250,2025-01-30 12:00:00,alice
355,failed,270,2025-01-30 14:00:00,bob
356,cancelled,162,2025-01-30 16:00:00,alice
357,success,278,2025-01-30 18:00:00,bob
358,success,136,2025-01-30 20:00:00,alice
359,failed,253,2025-01-30 22:00:00,charlie
360,failed,108,2025-01-31 00:00:00,alice
361,failed,271,2025-01-31 02:00:00,bob
362,success,250,2025-01-31 04:00:00,charlie
363,failed,159,2025-01-31 06:00:00,charlie
364,success,171,2025-01-31 08:00:00,charlie
365,success,250,2025-01-31 10:00:00,bob
366,success,287,2025-01-31 12:00:00,bob
367,success,125,2025-01-31 14:00:00,bob
368,success,166,2025-01-31 16:00:00,alice
369,success,183,2025-01-31 18:00:00,charlie
370,success,115,2025-01-31 20:00:00,bob
371,success,172,2025-01-31 22:00:00,charlie
372,success,174,2025-02-01 00:00:00,bob
373,success,236,2025-02-01 02:00:00,charlie
374,success,222,2025-02-01 04:00:00,alice
375,success,223,2025-02-01 06:00:00,charlie
376,cancelled,197,2025-02-01 08:00:00,alice
377,failed,232,2025-02-01 10:00:00,bob
378,success,277,2025-02-01 12:00:00,bob
379,success,280,2025-02-01 14:00:00,bob
380,success,164,2025-02-01 16:00:00,alice
381,success,137,2025-02-01 18:00:00,charlie
382,success,221,2025-02-01 20:00:00,bob
383,success,124,2025-02-01 22:00:00,charlie
384,failed,179,2025-02-02 00:00:00,alice
385,failed,200,2025-02-02 02:00:00,alice
386,failed,102,2025-02-02 04:00:00,alice
387,success,120,2025-02-02 06:00:00,charlie
388,failed,244,2025-02-02 08:00:00,bob
389,success,145,2025-02-02 10:00:00,bob
390,success,265,2025-02-02 12:00:00,charlie
391,success,201,2025-02-02 14:00:00,bob
392,success,235,2025-02-02 16:00:00,charlie
393,cancelled,255,2025-02-02 18:00:00,charlie
394,success,199,2025-02-02 20:00:00,bob
395,success,172,2025-02-02 22:00:00,charlie
396,failed,112,2025-02-03 00:00:00,alice
397,success,175,2025-02-03 02:00:00,bob
398,success,200,2025-02-03 04:00:00,charlie
399,success,136,2025-02-03 06:00:00,bob
400,success,266,2025-02-03 08:00:00,bob
401,success,228,2025-02-03 10:00:00,bob
402,success,128,2025-02-03 12:00:00,alice
403,cancelled,167,2025-02-03 14:00:00,alice
404,success,156,2025-02-03 16:00:00,bob
405,success,169,2025-02-03 18:00:00,bob
406,failed,153,2025-02-03 20:00:00,bob
407,success,231,2025-02-03 22:00:00,bob
408,failed,193,2025-02-04 00:00:00,alice
409,success,284,2025-02-04 02:00:00,alice
410,success,257,2025-02-04 04:00:00,charlie
411,success,141,2025-02-04 06:00:00,charlie
412,success,196,2025-02-04 08:00:00,charlie
413,success,256,2025-02-04 10:00:00,bob
414,success,219,2025-02-04 12:00:00,bob
415,failed,210,2025-02-04 14:00:00,alice
416,success,215,2025-02-04 16:00:00,alice
417,success,193,2025-02-04 18:00:00,bob
418,failed,186,2025-02-04 20:00:00,charlie
419,success,163,2025-02-04 22:00:00,alice
420,cancelled,193,2025-02-05 00:00:00,alice
421,success,289,2025-02-05 02:00:00,alice
422,success,140,2025-02-05 04:00:00,alice
423,success,128,2025-02-05 06:00:00,alice
424,success,268,2025-02-05 08:00:00,bob
425,success,104,2025-02-05 10:00:00,alice
426,success,111,2025-02-05 12:00:00,alice
427,success,166,2025-02-05 14:00:00,bob
428,failed,151,2025-02-05 16:00:00,alice
429,success,295,2025-02-05 18:00:00,charlie
430,success,230,2025-02-05 20:00:00,bob
431,success,160,2025-02-05 22:00:00,charlie
432,success,124,2025-02-06 00:00:00,bob
433,failed,181,2025-02-06 02:00:00,alice
434,success,259,2025-02-06 04:00:00,charlie
435,success,247,2025-02-06 06:00:00,alice
436,failed,292,2025-02-06 08:00:00,bob
437,success,205,2025-02-06 10:00:00,bob
438,success,100,2025-02-06 12:00:00,charlie
439,success,184,2025-02-06 14:00:00,charlie
440,success,135,2025-02-06 16:00:00,charlie
441,failed,148,2025-02-06 18:00:00,alice
442,success,114,2025-02-06 20:00:00,charlie
443,failed,125,2025-02-06 22:00:00,alice
444,failed,287,2025-02-07 00:00:00,alice
445,success,157,2025-02-07 02:00:00,charlie
446,success,218,2025-02-07 04:00:00,bob
447,success,264,2025-02-07 06:00:00,alice
448,success,151,2025-02-07 08:00:00,alice
449,failed,142,2025-02-07 10:00:00,alice
450,success,262,2025-02-07 12:00:00,bob
451,success,168,2025-02-07 14:00:00,bob
452,success,261,2025-02-07 16:00:00,bob
453,success,260,2025-02-07 18:00:00,bob
454,success,241,2025-02-07 20:00:00,alice
455,failed,202,2025-02-07 22:00:00,bob
456,success,293,2025-02-08 00:00:00,alice
457,success,152,2025-02-08 02:00:00,alice
458,failed,293,2025-02-08 04:00:00,charlie
459,cancelled,253,2025-02-08 06:00:00,bob
460,success,237,2025-02-08 08:00:00,bob
461,success,211,2025-02-08 10:00:00,bob
462,success,243,2025-02-08 12:00:00,alice
463,failed,271,2025-02-08 14:00:00,bob
464,success,281,2025-02-08 16:00:00,bob
465,failed,166,2025-02-08 18:00:00,bob
466,success,263,2025-02-08 20:00:00,charlie
467,success,242,2025-02-08 22:00:00,charlie
468,failed,198,2025-02-09 00:00:00,charlie
469,success,216,2025-02-09 02:00:00,charlie
470,success,287,2025-02-09 04:00:00,charlie
471,failed,236,2025-02-09 06:00:00,alice
472,success,296,2025-02-09 08:00:00,charlie
473,success,124,2025-02-09 10:00:00,alice
474,failed,104,2025-02-09 12:00:00,alice
475,success,155,2025-02-09 14:00:00,charlie
476,success,155,2025-02-09 16:00:00,charlie
477,success,259,2025-02-09 18:00:00,bob
478,success,159,2025-02-09 20:00:00,alice
479,failed,215,2025-02-09 22:00:00,charlie
480,failed,284,2025-02-10 00:00:00,charlie
481,failed,286,2025-02-10 02:00:00,charlie
482,failed,172,2025-02-10 04:00:00,charlie
483,success,110,2025-02-10 06:00:00,alice
484,success,239,2025-02-10 08:00:00,alice
485,success,134,2025-02-10 10:00:00,bob
486,success,289,2025-02-10 12:00:00,bob
487,success,267,2025-02-10 14:00:00,bob
488,success,112,2025-02-10 16:00:00,alice
489,success,241,2025-02-10 18:00:00,charlie
490,success,101,2025-02-10 20:00:00,alice
491,success,148,2025-02-10 22:00:00,alice
492,failed,148,2025-02-11 00:00:00,alice
493,success,261,2025-02-11 02:00:00,charlie
494,failed,280,2025-02-11 04:00:00,alice
495,success,157,2025-02-11 06:00:00,bob
496,success,112,2025-02-11 08:00:00,bob
497,success,291,2025-02-11 10:00:00,alice
498,cancelled,254,2025-02-11 12:00:00,charlie
499,success,252,2025-02-11 14:00:00,alice
500,success,212,2025-02-11 16:00:00,bob
